PGA,Economic Loss,Mean Output
0.0,0.0,600.0
0.5,0.12462653426057532,24.0
1.0,0.5541241661509773,0.0
1.5,0.8805234095746632,0.0
