PGA,Economic Loss,Mean Output
0.0,0.0,400.0
0.5,0.34471,21.6
1.0,0.6565100000000003,0.0
1.5,0.7946965000000002,0.0
